32438.5842075,4,0,1,33529000,-1
32492.3879737,4,1,6,33525000,1
32623.7600093,4,2,18,33522000,1
32623.7874092,4,3,8,33519000,1
32624.9930359,4,4,5,33516000,1
32717.674423,4,5,38,33512000,1
32719.1150373,4,6,12,33509000,1
32748.1355071,4,7,13,33506000,-1
32749.9633773,4,8,1,33509000,1
32763.5655983,4,9,12,33512000,-1
32842.1692484,4,10,7,33509000,1
32861.5521143,4,11,3,33505000,1
32889.2640263,4,12,53,33502000,1
32917.1080733,4,13,16,33499000,-1
32918.9450227,4,14,2,33502000,-1
32924.3046378,4,15,6,33505000,-1
32954.0540318,4,16,3,33508000,-1
32997.2428082,4,17,4,33504000,1
32997.9265866,4,18,11,33501000,1
33036.2091395,4,19,5,33497000,-1
33036.2221106,4,20,3,33500000,-1
33037.8839215,4,21,12,33497000,1
33040.3888195,4,22,2,33493000,-1
33069.775653,4,23,28,33496000,-1
33076.6905561,4,24,3,33499000,-1
33079.6312629,4,25,1,33505000,-1
33094.7190098,4,26,1,33502000,1
33094.7208506,4,27,1,33505000,-1
33111.1209841,4,28,4,33502000,1
33167.6337588,4,29,2,33499000,1
33219.1950194,4,30,6,33496000,1
33282.3490015,4,31,5,33492000,1
33303.1545319,4,32,5,33495000,-1
33303.157238,4,33,13,33498000,-1
33341.4251715,4,34,23,33501000,-1
33349.1619386,4,35,5,33506000,1
33430.9209043,4,36,1,33503000,1
33461.0990113,4,37,11,33507000,-1
33514.8101754,4,38,24,33510000,-1
33543.6064752,4,39,2,33513000,1
33695.2259263,4,40,15,33516000,1
33704.147094,4,41,6,33513000,1
33716.2844439,4,42,1,33509000,1
33722.9688181,4,43,2,33505000,1
33731.2140746,4,44,1,33501000,1
33749.8603274,4,45,5,33505000,-1
33754.8122465,4,46,5,33502000,1
33783.7658396,4,47,8,33497000,1
33819.817359,4,48,15,33494000,1
33835.7582138,4,49,6,33491000,1
33858.8921378,4,50,7,33495000,-1
33898.2276514,4,51,4,33492000,1
33924.7513675,4,52,10,33489000,1
33940.0642088,4,53,1,33486000,1
33940.6554006,4,54,1,33489000,-1
33959.0771137,4,55,9,33486000,1
33972.5305731,4,56,16,33483000,1
33981.0414495,4,57,11,33480000,1
34074.1323405,4,58,1,33484000,1
34102.2096786,4,59,8,33487000,-1
34106.1156906,4,60,6,33490000,-1
34113.8593044,4,61,1,33493000,-1
34162.5298125,4,62,7,33490000,1
34163.711175,4,63,20,33487000,1
34185.4632746,4,64,17,33484000,-1
34185.5846642,4,65,73,33481000,1
34187.5009924,4,66,2,33478000,1
34192.0522247,4,67,5,33483000,1
34215.7981884,4,68,24,33480000,-1
34230.6541051,4,69,3,33483000,1
34230.7198264,4,70,18,33480000,1
34230.7241463,4,71,29,33477000,1
34230.7291597,4,72,25,33474000,1
34230.7461044,4,73,2,33479000,1
34231.6491893,4,74,4,33476000,-1
34232.2387322,4,75,7,33473000,1
34240.980565,4,76,15,33470000,-1
34243.3728285,4,77,4,33473000,1
34247.4508325,4,78,3,33470000,1
34252.1902698,4,79,4,33467000,-1
34255.0816436,4,80,12,33470000,1
34255.3864977,4,81,1,33467000,1
34270.0858141,4,82,8,33470000,1
34272.028982,4,83,19,33467000,1
34272.1150397,4,84,28,33464000,1
34272.8884504,4,85,11,33461000,-1
34272.8884867,4,86,1,33464000,-1
34276.2686969,4,87,39,33461000,1
34276.4276912,4,88,32,33458000,1
34277.3177277,4,89,19,33455000,1
34279.8299661,4,90,9,33452000,-1
34283.5870598,4,91,14,33455000,-1
34286.5300108,4,92,1,33458000,-1
34292.9300142,4,93,1,33454000,-1
34296.0834869,4,94,4,33451000,-1
34297.0157138,4,95,1,33454000,-1
34298.9176627,4,96,3,33450000,-1
34306.2262453,4,97,13,33453000,1
34307.3127672,4,98,27,33450000,1
34310.5968185,4,99,23,33447000,1
34310.5968395,4,100,1,33444000,1
34313.1436465,4,101,8,33447000,1
34320.3393886,4,102,15,33444000,1
34321.249871,4,103,11,33441000,1
34321.9924174,4,104,10,33438000,1
34322.1197213,4,105,2,33435000,-1
34322.7390851,4,106,4,33438000,1
34324.1137993,4,107,4,33435000,-1
34324.8954302,4,108,4,33439000,-1
34327.0346835,4,109,2,33442000,1
34327.0347574,4,110,1,33439000,1
34329.633812,4,111,10,33443000,-1
34329.6421248,4,112,1,33446000,-1
34331.9975794,4,113,5,33443000,-1
34332.8726477,4,114,1,33446000,-1
34333.1954677,4,115,1,33443000,1
34344.9995561,4,116,23,33446000,-1
34349.6250327,4,117,1,33449000,-1
34353.7360959,4,118,3,33445000,1
34356.7026524,4,119,1,33442000,1
34365.5821474,4,120,1,33445000,1
34373.3303578,4,121,1,33448000,1
34374.4124598,4,122,2,33443000,-1
34384.2883336,4,123,3,33446000,-1
34397.7020671,4,124,5,33449000,1
34405.6952091,4,125,14,33446000,1
34405.7000168,4,126,15,33443000,1
34405.7018426,4,127,20,33440000,1
34405.7360309,4,128,14,33444000,1
34405.7380631,4,129,1,33439000,1
34405.8387691,4,130,8,33443000,1
34409.6687459,4,131,9,33439000,1
34409.7868801,4,132,1,33436000,1
34410.9027925,4,133,7,33440000,-1
34411.4802741,4,134,10,33443000,-1
34413.5376772,4,135,8,33446000,-1
34417.2559562,4,136,1,33450000,1
34429.0360294,4,137,44,33454000,1
34448.1799772,4,138,54,33451000,1
34449.5144739,4,139,8,33448000,1
34462.4405045,4,140,16,33451000,1
34499.422667,4,141,26,33447000,1
34502.4898413,4,142,2,33450000,-1
34502.6284322,4,143,2,33453000,1
34507.6999376,4,144,18,33450000,-1
34510.8223682,4,145,2,33455000,-1
34519.5624494,4,146,22,33452000,1
34521.8796182,4,147,17,33449000,1
34522.7523034,4,148,18,33446000,1
34527.3225246,4,149,1,33443000,-1
34530.556112,4,150,8,33437000,-1
34532.0376358,4,151,13,33440000,-1
34532.1508681,4,152,4,33443000,-1
34536.5522991,4,153,4,33438000,1
34537.2114708,4,154,13,33435000,1
34542.8595355,4,155,19,33432000,-1
34546.5697433,4,156,3,33436000,-1
34551.0196832,4,157,1,33440000,-1
34554.6677781,4,158,6,33436000,1
34584.6454814,4,159,11,33439000,-1
34588.8700583,4,160,5,33442000,1
34588.8897096,4,161,5,33439000,1
34588.9963301,4,162,10,33435000,1
34603.1503823,4,163,11,33432000,-1
34603.338698,4,164,3,33435000,1
34604.3646813,4,165,2,33431000,-1
34621.757918,4,166,18,33434000,1
34621.8419665,4,167,14,33431000,1
34638.4777363,4,168,11,33428000,1
34642.2980295,4,169,2,33432000,-1
34664.4755233,4,170,3,33435000,-1
34669.9852978,4,171,2,33431000,-1
34693.3445666,4,172,1,33435000,1
34701.2758884,4,173,10,33438000,-1
34701.3392046,4,174,55,33442000,-1
34707.9837712,4,175,3,33439000,-1
34715.4071134,4,176,27,33442000,-1
34726.2146565,4,177,20,33445000,-1
34732.0794803,4,178,4,33441000,1
34732.1211164,4,179,4,33438000,1
34743.7995201,4,180,10,33435000,-1
34744.8018069,4,181,2,33438000,-1
34755.3879791,4,182,10,33441000,1
34759.171722,4,183,9,33438000,1
34785.6414679,4,184,3,33435000,1
34786.536025,4,185,4,33432000,-1
34788.1584893,4,186,14,33435000,-1
34788.4028543,4,187,5,33438000,-1
34796.0231573,4,188,6,33442000,1
34825.609812,4,189,12,33439000,1
34842.7787694,4,190,4,33436000,1
34847.9805896,4,191,3,33432000,-1
34852.9383427,4,192,4,33435000,1
34860.3389757,4,193,1,33431000,1
34863.4393602,4,194,9,33434000,-1
34865.539352,4,195,3,33437000,1
34866.6238093,4,196,11,33434000,-1
34869.6594879,4,197,8,33437000,1
34875.4452391,4,198,14,33434000,-1
34877.9580436,4,199,1,33437000,-1
34880.3253397,4,200,1,33434000,1
34907.5114565,4,201,1,33438000,1
34919.7673086,4,202,7,33442000,-1
34963.12561,4,203,8,33445000,-1
34970.8612514,4,204,6,33450000,-1
34975.8594339,4,205,12,33453000,-1
34975.8594682,4,206,1,33456000,-1
34980.7032494,4,207,4,33453000,-1
34981.3725691,4,208,2,33456000,1
35004.566136,4,209,3,33453000,-1
35009.9274191,4,210,10,33450000,1
35101.1734334,4,211,14,33446000,1
35138.6690413,4,212,5,33443000,1
35202.3935554,4,213,3,33440000,1
35204.5141353,4,214,6,33444000,-1
35204.5923571,4,215,3,33447000,-1
35207.6328549,4,216,14,33450000,-1
35207.7813422,4,217,2,33453000,1
35219.4537882,4,218,4,33450000,-1
35223.2120262,4,219,1,33453000,-1
35239.8011732,4,220,4,33450000,-1
35239.8200322,4,221,7,33453000,-1
35259.7962921,4,222,4,33456000,-1
35313.0683172,4,223,19,33459000,1
35353.2301227,4,224,29,33455000,1
35375.1169601,4,225,10,33458000,1
35376.4463996,4,226,1,33455000,1
35397.7856896,4,227,2,33458000,-1
35403.1476931,4,228,1,33463000,1
35452.5968399,4,229,2,33460000,-1
35454.385086,4,230,5,33463000,1
35497.8090793,4,231,3,33460000,1
35520.2869434,4,232,1,33457000,1
35551.4283051,4,233,5,33460000,-1
35583.3203858,4,234,6,33463000,-1
35598.1610174,4,235,1,33466000,-1
35606.0387008,4,236,29,33462000,1
35607.6543295,4,237,12,33459000,1
35627.0844103,4,238,13,33465000,-1
35640.0389434,4,239,3,33468000,1
35641.0673208,4,240,1,33465000,1
35647.6056485,4,241,1,33469000,1
35650.3117809,4,242,1,33472000,-1
35651.5125701,4,243,5,33469000,1
35661.7802999,4,244,4,33466000,1
35689.5988984,4,245,8,33469000,1
35709.0370847,4,246,19,33466000,1
35709.0610129,4,247,4,33463000,1
35712.1095014,4,248,39,33460000,1
35794.008704,4,249,6,33457000,-1
35911.127786,4,250,22,33453000,-1
35932.9820664,4,251,7,33450000,1
35941.0589158,4,252,1,33445000,1
36022.1152343,4,253,2,33448000,-1
36063.1800461,4,254,23,33452000,1
36105.5404134,4,255,4,33449000,1
36111.0105337,4,256,7,33446000,1
36115.7529944,4,257,6,33443000,1
36183.5910864,4,258,3,33446000,1
36214.7055563,4,259,2,33451000,-1
36250.2830064,4,260,11,33454000,1
36289.3963832,4,261,8,33451000,1
36299.0464689,4,262,1,33448000,-1
36336.0073134,4,263,1,33451000,1
36348.024589,4,264,3,33455000,-1
36351.4414929,4,265,1,33459000,-1
36354.7052077,4,266,1,33456000,-1
36386.3666458,4,267,4,33452000,1
36393.319396,4,268,6,33455000,1
36394.7914893,4,269,2,33451000,1
36448.7044082,4,270,9,33448000,1
36480.2978034,4,271,2,33445000,1
36489.6677509,4,272,1,33450000,1
36532.286893,4,273,4,33453000,1
36532.3735436,4,274,7,33450000,1
36573.8301902,4,275,1,33447000,1
36601.5624136,4,276,3,33450000,1
36694.5306193,4,277,3,33447000,-1
36734.7441531,4,278,8,33450000,-1
36770.7034334,4,279,2,33453000,-1
36780.9325806,4,280,1,33457000,-1
36826.1923875,4,281,1,33454000,1
36861.4852082,4,282,6,33457000,-1
36870.2738228,4,283,13,33460000,1
36872.3338774,4,284,2,33456000,1
36965.1632387,4,285,1,33453000,1
36980.8824785,4,286,1,33459000,-1
37012.3950902,4,287,5,33456000,1
37019.3401499,4,288,1,33453000,1
37024.1474453,4,289,7,33457000,-1
37024.1474738,4,290,1,33460000,-1
37164.0113997,4,291,6,33457000,-1
37188.8641516,4,292,1,33460000,-1
37211.7101595,4,293,5,33455000,1
37214.8468041,4,294,18,33452000,-1
37217.5338068,4,295,1,33455000,1
37243.6899064,4,296,13,33460000,-1
37255.6979718,4,297,1,33463000,-1
37257.9202805,4,298,4,33460000,1
37271.1792965,4,299,2,33457000,-1
37281.1105585,4,300,17,33460000,1
37292.6660786,4,301,6,33457000,1
37312.4025618,4,302,1,33453000,-1
37343.0665555,4,303,5,33450000,1
37365.4639764,4,304,7,33447000,1
37411.115804,4,305,19,33444000,1
37417.5291558,4,306,26,33441000,1
37445.0558337,4,307,20,33438000,-1
37455.2303885,4,308,11,33441000,-1
37495.3324079,4,309,18,33438000,1
37498.1784901,4,310,3,33442000,-1
37542.4316636,4,311,1,33438000,1
37555.8192522,4,312,2,33443000,-1
37555.962088,4,313,1,33446000,-1
37563.8417873,4,314,1,33443000,1
37573.0252384,4,315,7,33446000,-1
37575.7611671,4,316,7,33450000,-1
37615.6527618,4,317,1,33453000,-1
37644.1580236,4,318,3,33449000,1
37644.1892811,4,319,9,33446000,-1
37644.3953365,4,320,9,33449000,-1
37664.8016536,4,321,3,33452000,1
37671.8899153,4,322,17,33448000,-1
37680.8023896,4,323,1,33451000,-1
37709.0018442,4,324,2,33448000,-1
37719.5048048,4,325,12,33445000,1
37769.0972281,4,326,10,33440000,1
37792.389232,4,327,1,33437000,1
37812.3846923,4,328,3,33447000,1
37813.1759319,4,329,11,33444000,1
37911.0922875,4,330,6,33441000,1
37944.932095,4,331,21,33444000,-1
37944.9321001,4,332,1,33447000,-1
37969.5457623,4,333,3,33444000,-1
37985.7332,4,334,1,33447000,-1
38015.1955301,4,335,6,33444000,1
38023.8075097,4,336,6,33449000,-1
38023.8136211,4,337,2,33452000,1
38030.6541143,4,338,3,33449000,-1
38043.7243831,4,339,9,33452000,-1
38043.7773205,4,340,16,33455000,-1
38047.3509627,4,341,11,33458000,-1
38075.2074602,4,342,9,33455000,-1
38091.6514447,4,343,27,33458000,1
38098.7997671,4,344,4,33455000,-1
38101.4313887,4,345,7,33458000,1
38108.2967688,4,346,8,33455000,1
38113.1700346,4,347,11,33452000,1
38119.682789,4,348,1,33457000,1
38120.2515066,4,349,3,33460000,1
38130.1426406,4,350,4,33456000,1
38133.8446603,4,351,2,33451000,1
38134.4937877,4,352,1,33448000,1
38135.7779061,4,353,6,33453000,1
38135.7904903,4,354,5,33456000,1
38234.7791282,4,355,1,33453000,1
38284.7654289,4,356,8,33456000,1
38312.3108052,4,357,4,33452000,1
38402.5604745,4,358,2,33447000,1
38441.035756,4,359,4,33443000,1
38454.8833245,4,360,8,33440000,1
38458.8275794,4,361,7,33437000,1
38468.9371015,4,362,9,33434000,1
38469.6380295,4,363,3,33431000,-1
38470.7790331,4,364,13,33434000,-1
38472.9381166,4,365,4,33437000,1
38473.2836815,4,366,2,33434000,1
38484.0990308,4,367,9,33437000,1
38490.9725064,4,368,6,33434000,1
38494.8364326,4,369,66,33431000,1
38500.0975527,4,370,15,33428000,1
38514.2939808,4,371,8,33425000,-1
38515.9406627,4,372,8,33422000,1
38518.0592902,4,373,3,33419000,1
38525.3348131,4,374,14,33422000,1
38525.3620185,4,375,2,33419000,1
38528.2371996,4,376,10,33416000,-1
38530.3200979,4,377,6,33419000,-1
38533.6947259,4,378,6,33422000,-1
38542.4702082,4,379,6,33425000,-1
38544.1407191,4,380,2,33422000,-1
38556.1449649,4,381,2,33425000,-1
38559.1959213,4,382,2,33428000,-1
38563.2048992,4,383,4,33431000,-1
38567.1785819,4,384,7,33434000,-1
38589.9772828,4,385,11,33437000,-1
38594.3145683,4,386,1,33434000,-1
38623.787626,4,387,20,33437000,1
38623.9006973,4,388,4,33434000,-1
38640.3421809,4,389,11,33437000,1
38644.8137908,4,390,3,33443000,-1
38655.5155578,4,391,1,33439000,-1
38683.8831362,4,392,1,33442000,1
38738.0133196,4,393,7,33445000,-1
38773.7244984,4,394,6,33442000,1
38818.6507767,4,395,18,33445000,-1
38821.1677317,4,396,9,33448000,-1
38841.728572,4,397,9,33452000,-1
38886.7016045,4,398,24,33455000,-1
38886.7027162,4,399,24,33458000,-1
38886.7060727,4,400,37,33461000,-1
38886.7560344,4,401,6,33464000,-1
38886.996675,4,402,5,33461000,-1
38888.9970181,4,403,6,33464000,-1
38891.0482712,4,404,9,33467000,-1
38891.675225,4,405,3,33470000,-1
38891.9997849,4,406,1,33473000,-1
38916.6400696,4,407,18,33468000,-1
38934.9628003,4,408,3,33471000,-1
38956.3383992,4,409,17,33474000,1
38960.2678322,4,410,1,33471000,1
39016.7388327,4,411,12,33474000,1
39033.7610329,4,412,9,33477000,-1
39038.6943298,4,413,17,33480000,-1
39038.6943626,4,414,1,33483000,-1
39061.6407765,4,415,13,33480000,1
39069.0223358,4,416,22,33477000,1
39101.6619238,4,417,49,33474000,-1
39110.5132507,4,418,2,33471000,-1
39120.0396152,4,419,12,33474000,-1
39137.5292517,4,420,1,33478000,-1
39177.3412729,4,421,4,33475000,-1
39237.5834672,4,422,16,33478000,1
39244.398465,4,423,12,33475000,1
39249.9930826,4,424,8,33472000,1
39256.1863581,4,425,11,33468000,1
39283.5123836,4,426,14,33464000,-1
39292.3295461,4,427,1,33467000,-1
39315.1039478,4,428,2,33464000,-1
39351.3416602,4,429,16,33467000,-1
39410.6930301,4,430,4,33470000,1
39457.2639556,4,431,33,33473000,-1
39465.3364289,4,432,23,33476000,1
39468.9432442,4,433,4,33473000,-1
39485.9328915,4,434,24,33476000,1
39488.7636316,4,435,1,33473000,1
39531.7398116,4,436,2,33476000,1
39579.1222047,4,437,3,33472000,1
39618.3172929,4,438,12,33469000,1
39618.3328947,4,439,3,33466000,1
39619.7972047,4,440,2,33463000,-1
39624.686996,4,441,4,33466000,-1
39638.675275,4,442,7,33469000,1
39694.2373776,4,443,3,33466000,-1
39698.4085591,4,444,25,33469000,-1
39698.4085903,4,445,1,33472000,-1
39808.1656729,4,446,1,33469000,-1
39843.1051975,4,447,4,33465000,1
39921.3832714,4,448,15,33462000,1
39985.3783065,4,449,66,33458000,1
40008.0237536,4,450,11,33455000,-1
40077.3789127,4,451,42,33460000,-1
40082.3613094,4,452,6,33463000,-1
40091.0327018,4,453,1,33466000,-1
40094.4085548,4,454,1,33462000,-1
40103.5960458,4,455,6,33465000,1
40159.6936321,4,456,28,33468000,1
40167.9784734,4,457,3,33465000,-1
40215.8217687,4,458,34,33468000,1
40228.9179779,4,459,2,33471000,-1
40296.4847048,4,460,7,33466000,1
40299.778333,4,461,12,33463000,1
40327.9986743,4,462,1,33460000,1
40413.0419322,4,463,8,33464000,-1
40448.8396168,4,464,4,33461000,1
40497.8300306,4,465,10,33458000,1
40568.1845687,4,466,34,33465000,-1
40576.426122,4,467,4,33468000,-1
40633.9702996,4,468,19,33473000,1
40659.2715197,4,469,13,33476000,1
40659.8289387,4,470,6,33473000,1
40660.7153715,4,471,1,33470000,-1
40730.8656814,4,472,12,33474000,1
40731.0386368,4,473,4,33469000,1
40738.5483873,4,474,7,33466000,-1
40795.4911022,4,475,18,33469000,-1
40828.1211094,4,476,14,33472000,1
40828.1543341,4,477,4,33469000,1
40867.6398544,4,478,31,33466000,-1
40877.3427287,4,479,27,33463000,-1
40879.0777407,4,480,35,33460000,-1
40879.1356049,4,481,3,33463000,1
40882.8052082,4,482,9,33460000,1
40888.6465808,4,483,6,33457000,-1
40892.727461,4,484,7,33454000,-1
40894.7069906,4,485,25,33458000,-1
40920.8231296,4,486,1,33461000,-1
40928.7296079,4,487,1,33457000,1
40933.3475382,4,488,8,33460000,-1
40937.0331994,4,489,12,33463000,1
40981.4708295,4,490,3,33466000,-1
40986.167798,4,491,1,33470000,1
41125.9630372,4,492,7,33465000,-1
41268.3116657,4,493,12,33468000,-1
41268.4150713,4,494,1,33471000,-1
41322.9751803,4,495,3,33468000,-1
41375.170922,4,496,6,33471000,-1
41435.2087983,4,497,8,33474000,-1
41435.2088341,4,498,1,33477000,-1
41529.4689871,4,499,13,33474000,1
41702.9119137,4,500,14,33471000,-1
41703.9307615,4,501,14,33474000,-1
41705.2065896,4,502,1,33477000,1
41765.060051,4,503,5,33474000,1
41884.7778078,4,504,1,33471000,-1
41911.1351911,4,505,6,33468000,-1
41957.1084296,4,506,2,33472000,-1
41973.6828923,4,507,7,33476000,-1
42001.839393,4,508,5,33479000,1
42029.108362,4,509,5,33476000,1
42049.5036684,4,510,6,33473000,1
42049.5056233,4,511,18,33470000,1
42049.6490879,4,512,1,33467000,1
42074.8175613,4,513,19,33470000,-1
42093.6599542,4,514,1,33473000,-1
42161.734452,4,515,1,33476000,-1
42197.9130854,4,516,1,33473000,-1
42222.2483327,4,517,8,33470000,1
42222.3003822,4,518,3,33467000,1
42252.5716353,4,519,8,33464000,-1
42310.0740424,4,520,4,33468000,1
42310.1025121,4,521,4,33465000,1
42363.9992631,4,522,8,33462000,-1
42380.7875912,4,523,7,33458000,1
42430.8357952,4,524,4,33455000,-1
42501.0195955,4,525,11,33452000,1
42512.5807029,4,526,2,33455000,-1
42522.112032,4,527,2,33459000,1
42555.3683049,4,528,8,33455000,-1
42603.5411204,4,529,18,33458000,1
42632.483848,4,530,2,33464000,1
42708.9275549,4,531,5,33461000,1
42738.9181853,4,532,1,33458000,1
42747.3359405,4,533,11,33461000,-1
42750.5774286,4,534,14,33464000,-1
42753.4564777,4,535,6,33467000,-1
42755.6919906,4,536,12,33470000,1
42785.4699336,4,537,22,33467000,1
42884.3232251,4,538,2,33463000,-1
42933.9981867,4,539,1,33460000,-1
42978.7039953,4,540,1,33463000,-1
43013.8079907,4,541,11,33459000,1
43013.8350975,4,542,10,33456000,1
43028.9790046,4,543,2,33453000,1
43075.6540676,4,544,2,33450000,1
43098.7219013,4,545,5,33447000,1
43121.8479949,4,546,3,33444000,-1
43129.0343316,4,547,14,33447000,-1
43129.8048225,4,548,3,33450000,-1
43154.9700864,4,549,10,33445000,-1
43199.0817609,4,550,8,33448000,1
43202.684968,4,551,3,33445000,-1
43220.6351385,4,552,5,33449000,1
43292.2106464,4,553,24,33446000,1
43297.4748782,4,554,5,33443000,1
43328.0775749,4,555,17,33440000,1
43329.8617028,4,556,1,33437000,1
43337.1033937,4,557,10,33441000,-1
43371.2716876,4,558,5,33445000,1
43376.41497,4,559,16,33450000,-1
43377.7227023,4,560,12,33447000,1
43377.7227122,4,561,1,33444000,1
43456.8219549,4,562,8,33447000,-1
43460.3083286,4,563,12,33450000,-1
43464.5341097,4,564,9,33453000,-1
43465.779452,4,565,3,33456000,1
43470.1028737,4,566,3,33451000,-1
43486.7438605,4,567,16,33447000,-1
43486.9955814,4,568,6,33450000,-1
43493.1400675,4,569,6,33453000,1
43600.3212086,4,570,17,33450000,-1
43648.3326688,4,571,6,33453000,-1
43650.5407668,4,572,4,33456000,-1
43660.3971659,4,573,3,33453000,1
43660.4149645,4,574,8,33450000,1
43661.4223845,4,575,2,33447000,1
43728.5680201,4,576,6,33450000,1
43735.8774718,4,577,7,33447000,-1
43739.4086041,4,578,3,33450000,-1
43739.5317397,4,579,6,33453000,-1
43742.9176752,4,580,4,33457000,-1
43751.2373068,4,581,9,33460000,-1
43755.8077856,4,582,22,33463000,1
43756.6056037,4,583,6,33460000,-1
43762.5602321,4,584,49,33463000,-1
43762.6635205,4,585,2,33466000,-1
43763.1553907,4,586,5,33463000,-1
43766.8714289,4,587,59,33466000,1
43766.9234902,4,588,25,33462000,1
43767.2484433,4,589,6,33459000,-1
43770.8500686,4,590,26,33462000,1
43775.1048595,4,591,8,33465000,1
43777.1414952,4,592,10,33468000,-1
43783.5399947,4,593,51,33471000,1
43794.2312871,4,594,26,33468000,1
43804.8583038,4,595,23,33471000,1
43812.7813238,4,596,1,33468000,1
43815.2002675,4,597,10,33471000,-1
43818.2355363,4,598,11,33474000,1
43829.3734753,4,599,12,33471000,-1
43884.8462665,4,600,1,33468000,-1
43914.3028521,4,601,4,33465000,-1
43933.2735525,4,602,1,33468000,-1
43961.27508,4,603,18,33465000,1
43968.2932116,4,604,23,33469000,-1
44010.415371,4,605,1,33472000,1
44013.9535874,4,606,3,33475000,1
44020.6946373,4,607,1,33472000,1
44031.0038354,4,608,14,33475000,1
44031.0045635,4,609,10,33472000,1
44038.7848474,4,610,1,33475000,1
44055.5811471,4,611,1,33479000,-1
44055.8830343,4,612,10,33476000,1
44056.0637745,4,613,3,33473000,1
44061.6289166,4,614,8,33470000,1
44064.6626652,4,615,4,33467000,1
44084.9808715,4,616,4,33464000,1
44107.0114769,4,617,6,33468000,1
44115.5030763,4,618,11,33465000,1
44130.5067199,4,619,2,33462000,1
44137.6274318,4,620,3,33457000,-1
44198.4139978,4,621,12,33460000,-1
44199.238096,4,622,4,33463000,-1
44222.1797785,4,623,2,33466000,-1
44279.2755814,4,624,2,33470000,1
44282.2181801,4,625,14,33474000,1
44312.0248695,4,626,19,33471000,1
44312.3452749,4,627,4,33468000,1
44331.8626878,4,628,1,33465000,1
44351.8919314,4,629,15,33471000,1
44364.1871133,4,630,2,33468000,1
44370.9932486,4,631,5,33471000,1
44371.4146384,4,632,6,33468000,1
44372.6801323,4,633,1,33462000,-1
44376.9342518,4,634,6,33465000,1
44376.9370324,4,635,20,33462000,1
44376.9370443,4,636,1,33459000,1
44380.3754414,4,637,2,33463000,1
44386.1714099,4,638,1,33459000,-1
44418.5932779,4,639,5,33462000,1
44425.5026748,4,640,1,33459000,1
44443.715038,4,641,12,33462000,-1
44443.7169952,4,642,16,33465000,-1
44447.5975993,4,643,6,33468000,1
44537.840421,4,644,12,33465000,1
44540.5723568,4,645,9,33462000,1
44565.1245708,4,646,19,33459000,-1
44565.1852089,4,647,7,33462000,1
44565.2192063,4,648,1,33458000,1
44570.1311251,4,649,14,33461000,1
44573.0459212,4,650,23,33458000,1
44578.0791849,4,651,27,33455000,1
44584.406782,4,652,73,33452000,1
44585.4607696,4,653,11,33449000,-1
44585.5596261,4,654,46,33452000,-1
44586.141896,4,655,8,33455000,1
44594.3976713,4,656,33,33452000,-1
44595.6632535,4,657,3,33455000,-1
44633.1256032,4,658,9,33458000,1
44646.5550295,4,659,1,33455000,-1
44667.6924468,4,660,5,33451000,-1
44685.5780093,4,661,1,33455000,-1
44711.1543397,4,662,19,33451000,1
44757.9761456,4,663,9,33448000,1
44778.9229465,4,664,15,33445000,1
44787.8890258,4,665,4,33442000,-1
44787.9953752,4,666,10,33445000,-1
44788.5660604,4,667,3,33448000,1
44849.7228333,4,668,23,33443000,-1
44893.1334673,4,669,12,33446000,-1
44896.1011622,4,670,21,33449000,-1
44920.9302674,4,671,6,33452000,1
44923.0048689,4,672,2,33455000,-1
44925.2942648,4,673,5,33458000,1
44943.5221184,4,674,2,33455000,-1
44959.3286174,4,675,3,33458000,1
44959.3446143,4,676,2,33455000,1
44976.455553,4,677,4,33452000,1
44978.4419462,4,678,17,33449000,1
44983.5591631,4,679,10,33446000,1
45002.8759089,4,680,1,33451000,1
45043.0291835,4,681,2,33454000,1
45051.1324975,4,682,4,33451000,1
45083.1707943,4,683,5,33448000,1
45105.3098619,4,684,3,33451000,-1
45108.1206809,4,685,7,33454000,-1
45109.3127296,4,686,3,33458000,-1
45119.3094249,4,687,3,33462000,1
45165.6956134,4,688,1,33459000,1
45180.743371,4,689,3,33463000,-1
45216.3041647,4,690,9,33466000,1
45218.6396648,4,691,1,33463000,1
45296.4172676,4,692,18,33466000,1
45298.1596417,4,693,7,33463000,1
45299.2383576,4,694,4,33460000,1
45311.5219023,4,695,2,33457000,-1
45357.5353315,4,696,3,33461000,1
45416.2692401,4,697,5,33458000,-1
45427.4522645,4,698,4,33455000,1
45488.2074115,4,699,7,33452000,1
45494.1867716,4,700,11,33449000,-1
45499.653088,4,701,13,33446000,-1
45514.1678038,4,702,3,33442000,-1
45535.555696,4,703,8,33445000,-1
45546.0815357,4,704,5,33448000,1
45571.4367544,4,705,4,33444000,1
45575.8400354,4,706,28,33441000,1
45575.880595,4,707,9,33438000,1
45575.8815946,4,708,13,33435000,1
45576.1414957,4,709,4,33432000,-1
45591.5956714,4,710,1,33435000,-1
45613.0314807,4,711,1,33430000,-1
45621.7356329,4,712,1,33426000,-1
45648.7616076,4,713,20,33422000,-1
45654.5632965,4,714,2,33426000,1
45664.4098561,4,715,2,33422000,-1
45669.1487735,4,716,12,33425000,-1
45675.6622167,4,717,1,33428000,-1
45681.2630941,4,718,5,33425000,-1
45682.6047405,4,719,2,33429000,1
45701.5781346,4,720,2,33426000,-1
45709.8433951,4,721,6,33430000,-1
45727.9201154,4,722,1,33433000,-1
45736.6531666,4,723,1,33430000,1
45772.000803,4,724,4,33433000,1
45820.7066266,4,725,6,33430000,1
45821.7549774,4,726,25,33427000,1
45841.3571626,4,727,6,33424000,-1
45892.2869032,4,728,25,33428000,1
45892.317937,4,729,1,33425000,1
45922.9790578,4,730,7,33422000,1
45960.9721163,4,731,49,33419000,1
45971.987493,4,732,9,33416000,-1
45975.3574216,4,733,7,33419000,-1
45976.8024592,4,734,4,33416000,-1
45980.416065,4,735,41,33412000,-1
45980.4724219,4,736,21,33415000,-1
45980.571542,4,737,5,33418000,1
45981.3294342,4,738,14,33415000,1
45981.3294439,4,739,1,33412000,1
45982.4257408,4,740,4,33415000,-1
45989.0328739,4,741,4,33419000,1
46007.7656535,4,742,1,33422000,-1
46011.8379195,4,743,10,33417000,-1
46017.3248093,4,744,2,33420000,-1
46023.8581602,4,745,9,33423000,1
46036.4050004,4,746,14,33420000,-1
46038.9091869,4,747,8,33423000,-1
46040.7446767,4,748,3,33427000,1
46041.4739392,4,749,1,33424000,1
46054.1554265,4,750,7,33421000,1
46067.1867471,4,751,7,33418000,-1
46089.9309408,4,752,16,33421000,1
46136.0383796,4,753,57,33425000,-1
46148.398606,4,754,14,33429000,1
46160.9333314,4,755,20,33426000,-1
46171.8363061,4,756,21,33429000,1
46172.0073311,4,757,26,33426000,1
46172.0319081,4,758,5,33423000,1
46190.3872358,4,759,4,33427000,-1
46192.7152726,4,760,2,33431000,1
46196.8337834,4,761,8,33428000,-1
46201.1074317,4,762,8,33431000,-1
46204.2843421,4,763,6,33435000,1
46237.9913519,4,764,15,33432000,-1
46240.1522773,4,765,10,33436000,-1
46251.0501078,4,766,5,33439000,1
46251.5750875,4,767,2,33436000,-1
46270.7710285,4,768,5,33439000,1
46273.9549171,4,769,8,33442000,1
46275.0339428,4,770,57,33445000,1
46275.7197724,4,771,2,33441000,-1
46278.0939819,4,772,56,33444000,-1
46285.0997837,4,773,107,33447000,-1
46286.8075369,4,774,37,33444000,-1
46287.1834048,4,775,4,33447000,1
46287.3307882,4,776,9,33444000,-1
46288.818021,4,777,18,33447000,1
46289.1053356,4,778,4,33444000,1
46289.7247373,4,779,8,33441000,1
46294.0155209,4,780,1,33438000,-1
46305.1707036,4,781,4,33435000,1
46310.8024501,4,782,1,33440000,1
46332.7712624,4,783,3,33443000,-1
46339.6821922,4,784,3,33446000,1
46340.6950194,4,785,3,33449000,1
46343.1201912,4,786,6,33446000,1
46346.1169224,4,787,4,33443000,1
46355.6250128,4,788,1,33440000,1
46378.4833681,4,789,11,33444000,-1
46388.591918,4,790,12,33447000,1
46397.5121552,4,791,9,33444000,1
46428.6414524,4,792,2,33447000,1
46428.6415095,4,793,1,33444000,1
46434.1558789,4,794,6,33447000,1
46445.8033191,4,795,3,33444000,-1
46445.8033634,4,796,1,33447000,-1
46473.3706075,4,797,10,33444000,1
46497.5322282,4,798,7,33440000,1
46499.6176052,4,799,2,33437000,-1
46514.7046314,4,800,5,33440000,-1
46601.1569176,4,801,11,33443000,1
46686.183103,4,802,4,33439000,1
46734.485611,4,803,1,33436000,1
46746.8645428,4,804,8,33441000,-1
46751.7799257,4,805,12,33444000,1
46772.2523364,4,806,2,33440000,1
46810.3247605,4,807,9,33437000,-1
46812.5990326,4,808,2,33440000,1
46812.6007723,4,809,15,33437000,1
46819.6149663,4,810,30,33434000,-1
46862.037165,4,811,11,33431000,1
46866.3502132,4,812,2,33428000,-1
46897.264494,4,813,1,33431000,-1
46937.9502908,4,814,51,33428000,-1
46972.6146431,4,815,16,33425000,1
46972.6449558,4,816,1,33422000,1
46980.1020746,4,817,3,33426000,-1
47010.0606755,4,818,2,33429000,-1
47021.6705147,4,819,1,33423000,1
47049.6901742,4,820,1,33426000,-1
47052.5985333,4,821,2,33422000,-1
47074.0152798,4,822,14,33425000,1
47074.0225398,4,823,3,33422000,1
47083.6509312,4,824,2,33425000,1
47090.1894847,4,825,1,33422000,1
47106.1152364,4,826,15,33425000,-1
47106.8686787,4,827,2,33428000,1
47109.2161531,4,828,5,33425000,-1
47119.4201176,4,829,12,33428000,-1
47133.6079686,4,830,3,33432000,1
47167.7631073,4,831,3,33436000,1
47184.9362406,4,832,5,33432000,-1
47246.2570821,4,833,19,33435000,-1
47247.5139728,4,834,3,33438000,1
47249.9584188,4,835,1,33435000,1
47267.3995119,4,836,5,33430000,-1
47276.7499506,4,837,17,33434000,1
47318.7878154,4,838,3,33438000,-1
47329.1063384,4,839,4,33435000,-1
47332.8711159,4,840,10,33439000,-1
47340.8855679,4,841,13,33442000,-1
47350.530814,4,842,2,33446000,-1
47369.2155155,4,843,17,33449000,-1
47369.8532174,4,844,8,33452000,-1
47395.7395064,4,845,2,33455000,1
47407.8147603,4,846,6,33451000,1
47417.5888656,4,847,6,33455000,1
47417.9906094,4,848,26,33452000,1
47419.0918305,4,849,12,33448000,1
47421.3591806,4,850,18,33445000,1
47421.6134288,4,851,1,33448000,-1
47445.2549846,4,852,16,33445000,-1
47501.1882372,4,853,46,33448000,-1
47545.1404615,4,854,10,33451000,1
47571.4762992,4,855,15,33454000,1
47572.4142048,4,856,6,33450000,-1
47612.9916991,4,857,2,33453000,-1
47634.2121198,4,858,4,33450000,1
47667.9101332,4,859,4,33447000,1
47674.1554287,4,860,5,33444000,1
47681.1149588,4,861,35,33441000,1
47686.2927425,4,862,15,33438000,-1
47694.1538687,4,863,31,33435000,-1
47695.2569707,4,864,38,33432000,-1
47696.5683396,4,865,68,33435000,-1
47697.4641186,4,866,16,33438000,1
47701.0138387,4,867,41,33435000,-1
47705.3683606,4,868,33,33438000,-1
47709.6829805,4,869,24,33435000,-1
47711.1037665,4,870,8,33438000,-1
47714.2746604,4,871,4,33441000,1
47753.4421677,4,872,1,33438000,1
47759.791569,4,873,24,33435000,1
47764.0664701,4,874,32,33432000,-1
47794.4708033,4,875,7,33435000,-1
47820.596485,4,876,1,33431000,1
47851.1549452,4,877,1,33434000,-1
47864.0406183,4,878,9,33439000,-1
47897.0340547,4,879,1,33442000,-1
47921.2474142,4,880,2,33438000,-1
47927.029159,4,881,1,33441000,-1
47940.3730443,4,882,1,33437000,1
47964.9326143,4,883,7,33441000,1
47968.4609321,4,884,1,33438000,1
47983.5450896,4,885,2,33441000,1
47987.8937338,4,886,1,33438000,1
48048.7546422,4,887,8,33442000,1
48048.7828619,4,888,7,33439000,1
48048.7956308,4,889,6,33436000,1
48049.0609873,4,890,2,33433000,-1
48049.1379775,4,891,1,33436000,1
48055.6302152,4,892,3,33433000,-1
48190.1211991,4,893,26,33437000,-1
48206.3770154,4,894,6,33440000,-1
48209.589378,4,895,12,33443000,1
48209.5993524,4,896,1,33440000,1
48226.0043391,4,897,4,33443000,-1
48241.7938126,4,898,2,33447000,1
48242.0635558,4,899,16,33444000,1
48245.2014028,4,900,9,33441000,1
48262.1439402,4,901,5,33437000,-1
48315.4789549,4,902,8,33440000,-1
48329.8583794,4,903,5,33435000,-1
48338.5749413,4,904,3,33438000,-1
48365.5496338,4,905,1,33441000,1
48450.8701142,4,906,14,33437000,1
48455.1689489,4,907,2,33434000,1
48490.2290092,4,908,1,33437000,-1
48532.4430935,4,909,21,33434000,1
48549.2012631,4,910,9,33431000,-1
48554.5392373,4,911,3,33435000,-1
48569.3586217,4,912,1,33438000,1
48584.6105982,4,913,6,33441000,1
48601.5215371,4,914,1,33438000,1
48606.9966646,4,915,1,33441000,1
48630.2730399,4,916,4,33437000,-1
48639.1205747,4,917,1,33440000,-1
48645.9536632,4,918,1,33437000,1
48663.2754597,4,919,2,33440000,-1
48680.0626545,4,920,8,33437000,-1
48680.4666576,4,921,9,33440000,-1
48681.6789069,4,922,28,33443000,-1
48682.1516695,4,923,5,33446000,-1
48684.5108719,4,924,8,33443000,-1
48684.7937894,4,925,1,33446000,-1
48691.8922366,4,926,5,33442000,-1
48697.2537082,4,927,1,33445000,-1
48723.1446282,4,928,10,33442000,-1
48729.7975577,4,929,5,33445000,-1
48777.4236535,4,930,16,33442000,1
48782.1664585,4,931,4,33439000,1
48812.902279,4,932,4,33436000,1
48853.3776697,4,933,2,33439000,1
48907.303755,4,934,4,33442000,1
48909.6669768,4,935,1,33439000,1
48949.3480315,4,936,5,33445000,-1
48953.7553833,4,937,59,33448000,1
48954.4759813,4,938,23,33445000,-1
48958.5330316,4,939,54,33448000,1
48962.7431979,4,940,34,33451000,-1
48967.1178125,4,941,44,33454000,1
48967.2513175,4,942,71,33451000,1
48968.1206913,4,943,16,33448000,-1
48968.3246539,4,944,2,33451000,-1
48970.2491327,4,945,32,33447000,-1
48970.7436359,4,946,1,33450000,-1
48974.3345722,4,947,17,33447000,1
48975.8593364,4,948,16,33450000,1
48987.8259599,4,949,5,33447000,-1
48994.688743,4,950,28,33450000,-1
49003.5880808,4,951,8,33453000,-1
49021.6718429,4,952,1,33449000,1
49070.5235359,4,953,7,33446000,-1
49075.1115162,4,954,3,33449000,1
49101.8845279,4,955,7,33454000,1
49108.6298426,4,956,1,33451000,1
49156.0742921,4,957,22,33454000,1
49156.8173104,4,958,5,33451000,1
49193.6904752,4,959,1,33454000,1
49217.2817985,4,960,7,33457000,-1
49240.319834,4,961,19,33460000,-1
49241.5822047,4,962,1,33464000,1
49256.5022441,4,963,3,33461000,1
49259.4142764,4,964,38,33464000,-1
49266.4075817,4,965,18,33468000,1
49278.1232008,4,966,1,33465000,1
49297.753204,4,967,5,33468000,-1
49314.6492155,4,968,6,33471000,1
49323.7918148,4,969,5,33468000,-1
49326.7849447,4,970,4,33471000,-1
49330.0957516,4,971,3,33474000,1
49356.8394792,4,972,11,33471000,1
49356.8438135,4,973,26,33468000,1
49356.8438374,4,974,1,33465000,1
49383.3076111,4,975,17,33468000,-1
49395.796305,4,976,2,33472000,1
49401.8800004,4,977,6,33469000,-1
49429.5196678,4,978,7,33472000,-1
49463.5615775,4,979,17,33475000,-1
49464.0111446,4,980,4,33478000,1
49503.3281588,4,981,1,33475000,1
49516.6765888,4,982,5,33478000,1
49530.0694391,4,983,6,33475000,1
49532.0178984,4,984,5,33472000,-1
49532.0179038,4,985,1,33475000,-1
49546.0977638,4,986,9,33472000,-1
49551.5895684,4,987,12,33475000,-1
49560.7401073,4,988,26,33478000,-1
49564.6186985,4,989,3,33481000,1
49564.7671644,4,990,24,33478000,1
49565.7440674,4,991,13,33474000,1
49566.0323337,4,992,13,33471000,1
49566.1310518,4,993,18,33468000,1
49566.159462,4,994,2,33465000,-1
49589.0256708,4,995,16,33469000,1
49642.2285072,4,996,1,33473000,-1
49647.8151509,4,997,1,33469000,1
49722.1222902,4,998,7,33472000,1
49744.3549635,4,999,9,33475000,-1
49748.7257548,4,1000,17,33478000,-1
49756.8620564,4,1001,1,33481000,-1
49787.0216442,4,1002,11,33478000,1
49809.9727963,4,1003,5,33475000,-1
49818.9777746,4,1004,6,33478000,1
49840.2637422,4,1005,2,33475000,-1
49853.8367666,4,1006,23,33478000,1
49856.3600048,4,1007,1,33475000,-1
49867.5005759,4,1008,65,33471000,1
49867.8903351,4,1009,8,33468000,-1
49871.6170294,4,1010,33,33471000,1
49876.3364489,4,1011,19,33468000,1
49883.1530484,4,1012,69,33465000,1
49887.7623671,4,1013,112,33462000,-1
49888.2875801,4,1014,27,33465000,1
49892.1227102,4,1015,64,33462000,-1
49892.8615827,4,1016,27,33465000,1
49901.4341883,4,1017,28,33462000,1
49901.6198696,4,1018,33,33459000,1
49903.0746263,4,1019,1,33456000,1
49905.4642367,4,1020,29,33460000,-1
49906.8804347,4,1021,13,33463000,1
49909.343059,4,1022,6,33460000,-1
49918.0038965,4,1023,2,33465000,1
49922.3147032,4,1024,2,33462000,1
49930.4452286,4,1025,1,33459000,-1
49940.9875119,4,1026,2,33455000,-1
49953.1805767,4,1027,10,33458000,1
49963.9630696,4,1028,3,33455000,1
49983.7432137,4,1029,5,33452000,1
50022.0125834,4,1030,3,33456000,1
50024.3625968,4,1031,7,33453000,1
50029.4597376,4,1032,9,33450000,1
50032.7535597,4,1033,2,33447000,-1
50052.7519441,4,1034,3,33450000,-1
50100.0728229,4,1035,9,33446000,1
50102.2310506,4,1036,9,33443000,1
50107.2142618,4,1037,3,33440000,-1
50122.075838,4,1038,8,33443000,-1
50131.5746189,4,1039,8,33440000,-1
50138.6207737,4,1040,5,33443000,1
50141.0810288,4,1041,6,33440000,-1
50141.514732,4,1042,13,33443000,-1
50141.8880233,4,1043,10,33446000,-1
50164.2403872,4,1044,16,33449000,-1
50175.6001067,4,1045,7,33446000,1
50179.5657349,4,1046,3,33443000,1
50183.056419,4,1047,8,33440000,-1
50187.5021494,4,1048,15,33443000,-1
50187.6039433,4,1049,14,33446000,-1
50188.7053311,4,1050,9,33449000,-1
50188.7685724,4,1051,8,33446000,-1
50191.8406292,4,1052,19,33449000,-1
50199.2264864,4,1053,13,33452000,-1
50204.0501507,4,1054,2,33455000,1
50242.6738182,4,1055,6,33452000,1
50284.6685851,4,1056,8,33449000,1
50306.0682516,4,1057,6,33453000,1
50312.0725485,4,1058,29,33456000,1
50313.70296,4,1059,16,33459000,1
50317.3203358,4,1060,46,33462000,-1
50322.4451826,4,1061,49,33465000,-1
50322.5357148,4,1062,34,33462000,1
50323.4442993,4,1063,46,33459000,-1
50323.726431,4,1064,6,33462000,-1
50327.4008396,4,1065,55,33459000,1
50329.1749537,4,1066,8,33456000,1
50329.8459665,4,1067,7,33453000,1
50330.5914941,4,1068,15,33450000,1
50332.1051777,4,1069,18,33447000,1
50334.1243071,4,1070,3,33444000,1
50362.6071403,4,1071,1,33447000,1
50363.0674412,4,1072,1,33451000,-1
50369.3659309,4,1073,5,33448000,1
50373.4368672,4,1074,5,33445000,1
50377.6876081,4,1075,11,33442000,-1
50379.0870097,4,1076,19,33436000,1
50379.0870573,4,1077,1,33433000,1
50385.6938547,4,1078,1,33437000,1
50395.6752135,4,1079,1,33440000,-1
50401.4863093,4,1080,3,33435000,1
50411.1205624,4,1081,13,33432000,1
50425.7816141,4,1082,12,33429000,1
50432.4791403,4,1083,5,33432000,-1
50441.0693569,4,1084,5,33435000,-1
50446.3170889,4,1085,11,33431000,1
50452.7391334,4,1086,12,33428000,1
50463.6334091,4,1087,8,33425000,-1
50465.1721973,4,1088,4,33428000,-1
50468.8009654,4,1089,13,33425000,1
50472.9729775,4,1090,3,33422000,1
50477.4888694,4,1091,1,33427000,-1
50487.0294246,4,1092,6,33424000,1
50549.6919153,4,1093,29,33421000,1
50564.7635304,4,1094,20,33424000,-1
50564.8545023,4,1095,2,33427000,-1
50582.8412258,4,1096,4,33423000,1
50587.2131798,4,1097,79,33429000,1
50618.7658185,4,1098,42,33432000,1
50624.3876395,4,1099,8,33436000,1
50652.0235591,4,1100,3,33433000,1
50652.0249917,4,1101,1,33430000,1
50667.1321905,4,1102,1,33434000,-1
50686.650099,4,1103,4,33430000,1
50700.4167404,4,1104,2,33433000,1
50719.1832176,4,1105,6,33430000,-1
50721.6478381,4,1106,3,33433000,1
50743.9748959,4,1107,12,33430000,1
50752.7947325,4,1108,11,33427000,1
50761.4038033,4,1109,16,33424000,-1
50765.8555675,4,1110,2,33429000,1
50778.8683666,4,1111,4,33426000,1
50783.7627838,4,1112,2,33429000,1
50784.0147213,4,1113,11,33426000,-1
50797.246296,4,1114,34,33429000,-1
50803.8503987,4,1115,4,33432000,1
50804.7496656,4,1116,7,33429000,1
50807.1821648,4,1117,15,33426000,1
50809.7214431,4,1118,13,33423000,1
50810.5597301,4,1119,5,33426000,-1
50811.613815,4,1120,5,33429000,1
50812.4363642,4,1121,1,33426000,1
50843.983059,4,1122,23,33429000,1
50847.1607355,4,1123,1,33426000,1
50922.2652121,4,1124,79,33429000,1
50941.5008717,4,1125,15,33433000,-1
50949.8364387,4,1126,19,33436000,-1
50961.0398239,4,1127,30,33439000,1
50971.167704,4,1128,5,33436000,1
50976.6229252,4,1129,4,33439000,1
50976.6703685,4,1130,12,33436000,1
50976.7441462,4,1131,15,33433000,1
50976.7979513,4,1132,16,33430000,1
50977.5019558,4,1133,1,33427000,1
50989.9619118,4,1134,3,33430000,-1
50992.6403902,4,1135,5,33433000,1
50998.2997867,4,1136,3,33430000,1
51018.2173285,4,1137,31,33427000,1
51032.237797,4,1138,12,33430000,1
51046.8326637,4,1139,22,33427000,1
51055.3877082,4,1140,20,33424000,1
51065.3964262,4,1141,42,33421000,1
51075.5148344,4,1142,6,33418000,-1
51090.876009,4,1143,28,33421000,-1
51100.0854,4,1144,10,33425000,-1
51120.2757071,4,1145,5,33428000,-1
51137.7479933,4,1146,6,33424000,1
51152.5656379,4,1147,15,33421000,1
51160.4889919,4,1148,1,33418000,-1
51182.6280984,4,1149,8,33421000,1
51230.6154506,4,1150,40,33418000,-1
51254.1745057,4,1151,5,33421000,1
51298.1081879,4,1152,19,33418000,1
51308.3562964,4,1153,1,33415000,1
51321.7722749,4,1154,6,33421000,-1
51322.6726531,4,1155,6,33425000,-1
51323.9428521,4,1156,5,33428000,-1
51357.1213318,4,1157,1,33425000,-1
51357.8611741,4,1158,9,33422000,1
51427.9773986,4,1159,32,33419000,1
51440.0557145,4,1160,1,33422000,1
51481.9276138,4,1161,5,33425000,-1
51483.8910513,4,1162,3,33421000,-1
51520.9637059,4,1163,2,33427000,1
51531.9259016,4,1164,11,33424000,-1
51550.1816855,4,1165,1,33419000,-1
51579.7084073,4,1166,5,33415000,-1
51579.8839925,4,1167,12,33418000,-1
51602.229891,4,1168,19,33421000,-1
51604.556522,4,1169,10,33424000,-1
51607.1593067,4,1170,2,33427000,-1
51659.2101215,4,1171,1,33430000,-1
51663.2279213,4,1172,12,33427000,1
51679.1894215,4,1173,2,33424000,-1
51724.2056286,4,1174,6,33427000,-1
51732.2120214,4,1175,8,33430000,-1
51732.221539,4,1176,1,33433000,-1
51752.8201197,4,1177,2,33430000,-1
51769.0292618,4,1178,1,33433000,-1
51774.2684137,4,1179,9,33430000,1
51774.4626175,4,1180,1,33427000,1
51775.2117246,4,1181,5,33430000,-1
51855.8517558,4,1182,3,33433000,1
51936.5227644,4,1183,12,33436000,-1
51941.5424627,4,1184,2,33439000,1
51941.542483,4,1185,1,33436000,1
51946.8909262,4,1186,2,33439000,1
52130.3549067,4,1187,12,33436000,-1
52156.3384079,4,1188,29,33440000,-1
52156.4137331,4,1189,8,33443000,-1
52196.5671709,4,1190,10,33440000,1
52205.2616399,4,1191,8,33437000,-1
52241.5654371,4,1192,19,33440000,-1
52242.430292,4,1193,1,33443000,-1
52259.9112245,4,1194,2,33440000,1
52262.5836136,4,1195,4,33437000,1
52264.8009997,4,1196,8,33434000,1
52271.1428722,4,1197,3,33431000,1
52305.0874614,4,1198,16,33428000,-1
52346.4867629,4,1199,23,33425000,-1
52371.7065471,4,1200,4,33429000,1
52402.7312028,4,1201,4,33426000,1
52453.8197402,4,1202,4,33423000,-1
52545.7186176,4,1203,7,33427000,-1
52561.4018384,4,1204,5,33430000,1
52642.523788,4,1205,12,33427000,1
52654.7715038,4,1206,4,33424000,1
52661.8448636,4,1207,4,33421000,-1
52680.028518,4,1208,19,33424000,1
52698.0457383,4,1209,5,33421000,-1
52751.4771546,4,1210,24,33417000,1
52780.0190429,4,1211,2,33414000,-1
52780.0911787,4,1212,7,33417000,-1
52780.1216262,4,1213,5,33420000,1
52784.6032909,4,1214,6,33417000,-1
52789.4058498,4,1215,14,33420000,-1
52796.254386,4,1216,10,33424000,1
52801.5149917,4,1217,16,33421000,-1
52801.5162426,4,1218,1,33424000,-1
52885.5516471,4,1219,16,33421000,1
52885.5740876,4,1220,1,33418000,1
52904.1882784,4,1221,2,33415000,1
52906.7362197,4,1222,1,33412000,1
52912.2594987,4,1223,1,33415000,-1
52927.507837,4,1224,14,33412000,1
52928.1451496,4,1225,1,33409000,1
52957.8975682,4,1226,3,33412000,1
52987.7364432,4,1227,9,33409000,-1
53099.3952563,4,1228,13,33412000,-1
53108.0326651,4,1229,2,33415000,-1
53123.7300228,4,1230,13,33412000,1
53158.0156769,4,1231,9,33409000,-1
53158.0156905,4,1232,1,33412000,-1
53216.7559567,4,1233,15,33409000,-1
53243.4877438,4,1234,2,33412000,1
53260.4046391,4,1235,7,33409000,1
53260.4251718,4,1236,7,33406000,-1
53295.4807841,4,1237,20,33410000,-1
53330.5739904,4,1238,20,33413000,-1
53341.4007939,4,1239,14,33416000,1
53347.3969625,4,1240,3,33413000,1
53440.3281033,4,1241,11,33416000,-1
53461.1011366,4,1242,3,33419000,1
53478.2763842,4,1243,1,33416000,1
53493.9063517,4,1244,17,33419000,-1
53555.1748626,4,1245,56,33422000,-1
53572.3503403,4,1246,16,33425000,1
53573.9290911,4,1247,1,33422000,1
53585.3562863,4,1248,2,33425000,1
53585.383499,4,1249,2,33422000,1
53630.0934637,4,1250,5,33426000,1
53694.0529362,4,1251,2,33423000,-1
53712.463214,4,1252,1,33427000,1
53733.1268073,4,1253,10,33431000,-1
53804.5495731,4,1254,13,33434000,-1
53844.0371612,4,1255,3,33430000,-1
54005.0264527,4,1256,7,33433000,1
54011.8075392,4,1257,3,33430000,1
54011.8075756,4,1258,1,33427000,1
54030.5778569,4,1259,2,33430000,-1
54070.4326892,4,1260,7,33433000,-1
54126.7272111,4,1261,13,33436000,-1
54137.45752,4,1262,1,33432000,1
54157.8091893,4,1263,1,33435000,-1
54172.759353,4,1264,5,33432000,1
54172.7593864,4,1265,1,33429000,1
54186.398349,4,1266,1,33433000,1
54222.7478797,4,1267,1,33430000,-1
54240.5452801,4,1268,6,33433000,-1
54261.5099611,4,1269,7,33436000,1
54305.1863144,4,1270,5,33433000,1
54415.7043213,4,1271,22,33430000,1
54424.1294416,4,1272,8,33426000,-1
54424.1294771,4,1273,1,33429000,-1
54463.9558659,4,1274,3,33426000,-1
54549.7276447,4,1275,8,33429000,1
54565.171313,4,1276,4,33426000,-1
54565.171342,4,1277,1,33429000,-1
54578.5314602,4,1278,3,33426000,1
54600.0571564,4,1279,13,33423000,1
54634.9446192,4,1280,15,33420000,1
54669.5904162,4,1281,1,33423000,-1
54789.5024978,4,1282,8,33427000,-1
54827.8207329,4,1283,11,33430000,-1
54844.5954018,4,1284,5,33433000,-1
54844.5954443,4,1285,1,33436000,-1
54883.9371857,4,1286,9,33432000,1
54894.2220911,4,1287,6,33428000,-1
55099.0531592,4,1288,22,33431000,-1
55343.4847523,4,1289,9,33428000,1
55361.4102215,4,1290,7,33425000,1
55423.8421816,4,1291,2,33422000,-1
55456.6205244,4,1292,12,33426000,1
55462.8557262,4,1293,2,33423000,-1
55510.9439714,4,1294,3,33427000,-1
55531.1889694,4,1295,3,33430000,1
55551.5175773,4,1296,2,33427000,1
55602.2875315,4,1297,1,33422000,1
55641.1122503,4,1298,5,33425000,-1
55646.8711775,4,1299,1,33428000,-1
55701.3791726,4,1300,13,33425000,-1
55726.234511,4,1301,5,33428000,1
55731.1977829,4,1302,1,33425000,1
55779.1458378,4,1303,7,33422000,-1
55779.1549058,4,1304,5,33425000,-1
55795.0220637,4,1305,11,33429000,1
55833.0832264,4,1306,2,33426000,-1
55848.5327025,4,1307,2,33423000,-1
55863.1108947,4,1308,4,33426000,1
55863.8299078,4,1309,6,33423000,1
55866.073375,4,1310,2,33420000,-1
55873.8466757,4,1311,5,33423000,1
55873.8479244,4,1312,20,33420000,1
55873.886167,4,1313,39,33417000,-1
55873.9274863,4,1314,2,33414000,1
55876.3460318,4,1315,27,33411000,1
55876.3558316,4,1316,1,33414000,1
55883.31505,4,1317,3,33411000,1
55904.736233,4,1318,8,33414000,1
55929.630382,4,1319,20,33411000,-1
55942.5044061,4,1320,1,33414000,-1
55980.9748908,4,1321,9,33411000,-1
56052.3707032,4,1322,6,33414000,-1
56074.2772807,4,1323,24,33417000,-1
56105.9528417,4,1324,3,33420000,-1
56110.676543,4,1325,3,33423000,1
56180.0411964,4,1326,3,33420000,-1
56257.7405288,4,1327,4,33423000,1
56387.7333968,4,1328,2,33420000,-1
56486.1643143,4,1329,8,33423000,-1
56547.1669245,4,1330,6,33419000,-1
56547.1683761,4,1331,25,33422000,-1
56547.1713738,4,1332,33,33425000,-1
56547.1755105,4,1333,39,33428000,-1
56547.2437143,4,1334,10,33431000,-1
56612.8268445,4,1335,25,33428000,1
56690.6920352,4,1336,18,33431000,-1
56713.4787731,4,1337,8,33434000,1
56734.2787402,4,1338,1,33431000,1
56854.860659,4,1339,18,33435000,1
56885.9479775,4,1340,2,33432000,-1
56885.9480215,4,1341,5,33435000,-1
57024.0686017,4,1342,2,33432000,-1
57155.2452311,4,1343,9,33435000,1
57206.108209,4,1344,10,33432000,-1
57266.3030653,4,1345,5,33435000,1
57277.0698965,4,1346,7,33432000,1
57342.2703606,4,1347,10,33429000,1
57551.1785616,4,1348,10,33426000,-1
57718.1410448,4,1349,6,33429000,-1
57720.1730192,4,1350,8,33432000,-1
57734.0291086,4,1351,3,33436000,1
57944.6844264,4,1352,1,33433000,1
58013.1170278,4,1353,9,33436000,-1
58080.1185043,4,1354,6,33433000,1
58105.8276114,4,1355,1,33429000,-1
58214.9434876,4,1356,14,33432000,-1
58300.206974,4,1357,4,33435000,1
58448.7504397,4,1358,1,33432000,-1
58472.1456314,4,1359,4,33427000,-1
58480.2502522,4,1360,11,33430000,-1
58482.6404626,4,1361,3,33433000,1
58498.0714449,4,1362,1,33429000,1
58686.9128118,4,1363,7,33432000,1
58690.9221517,4,1364,1,33429000,1
58833.9796934,4,1365,18,33433000,1
58853.2230895,4,1366,3,33429000,-1
58856.1993007,4,1367,3,33432000,-1
58930.7411908,4,1368,4,33436000,-1
59047.3051972,4,1369,9,33439000,-1
59098.688621,4,1370,21,33442000,1
59103.8301026,4,1371,5,33439000,1
59173.0420242,4,1372,6,33436000,1
59183.9547465,4,1373,1,33433000,1
59313.6920612,4,1374,3,33438000,1
59315.5338226,4,1375,2,33435000,-1
59338.4856163,4,1376,1,33438000,-1
59362.2790004,4,1377,8,33435000,-1
59431.0114556,4,1378,5,33438000,1
59451.2138104,4,1379,2,33441000,1
59451.2882788,4,1380,1,33438000,1
59479.8990695,4,1381,14,33441000,-1
59523.4359894,4,1382,23,33444000,-1
59562.0602732,4,1383,1,33447000,1
59562.0954392,4,1384,1,33450000,1
59597.9415363,4,1385,2,33447000,1
59714.3099284,4,1386,9,33444000,1
59744.9816255,4,1387,3,33441000,-1
59782.22175,4,1388,6,33444000,-1
59796.4503236,4,1389,6,33447000,1
59867.4552068,4,1390,2,33444000,-1
59898.4163275,4,1391,13,33447000,-1
59903.3592571,4,1392,9,33450000,-1
59921.2519928,4,1393,1,33453000,-1
59942.0636277,4,1394,32,33450000,-1
60066.0561987,4,1395,22,33453000,1
60075.3477909,4,1396,3,33457000,-1
60190.1594464,4,1397,1,33454000,-1
60283.5939931,4,1398,28,33451000,1
60300.060312,4,1399,16,33448000,1
60301.0465867,4,1400,1,33445000,1
60311.8701852,4,1401,8,33448000,-1
60386.6009575,4,1402,14,33451000,1
60478.4444272,4,1403,19,33447000,-1
60510.9578801,4,1404,22,33450000,-1
60528.1821093,4,1405,20,33453000,-1
60547.1440475,4,1406,1,33456000,1
60587.6740135,4,1407,15,33460000,-1
60600.8512047,4,1408,2,33463000,1
60616.2777609,4,1409,3,33460000,-1
60662.2690668,4,1410,15,33463000,1
60699.6709801,4,1411,9,33460000,1
60734.6742842,4,1412,3,33456000,-1
60784.6979394,4,1413,10,33460000,-1
60894.2942358,4,1414,9,33463000,-1
60918.5591431,4,1415,11,33466000,-1
61017.8404376,4,1416,8,33469000,-1
61057.1852798,4,1417,5,33465000,1
61115.1785452,4,1418,6,33462000,1
61130.1914773,4,1419,1,33459000,1
61137.9230875,4,1420,2,33456000,-1
61167.8774364,4,1421,5,33460000,-1
61190.60808,4,1422,5,33464000,-1
